time_hours,cell_density_OD600,dissolved_oxygen_pct,glucose_conc_gL,specific_growth_rate_mu
0.0,0.101,99.9,5.006,0.134
0.5,0.108,98.8,5.037,0.1971
1.0,0.123,99.0,4.989,0.2305
1.5,0.136,100.0,4.955,0.2377
2.0,0.156,98.4,4.902,0.3291
2.5,0.189,98.8,4.864,0.414
3.0,0.236,96.8,4.859,0.4486
3.5,0.296,96.5,4.838,0.4894
4.0,0.385,94.6,4.799,0.5081
4.5,0.492,93.4,4.662,0.551
5.0,0.668,92.0,4.547,0.5871
5.5,0.885,86.6,4.285,0.5732
6.0,1.185,83.8,4.005,0.6089
6.5,1.627,77.5,3.67,0.6169
7.0,2.196,68.3,3.214,0.594
7.5,2.947,56.0,2.571,0.6195
8.0,4.08,41.9,1.607,0.6117
8.5,5.433,26.9,0.388,0.3893
9.0,6.022,97.0,0.0,0.0922
9.5,5.958,96.8,0.02,-0.0129
10.0,5.945,98.1,0.011,-0.0088
10.5,5.906,96.6,0.027,0.0159
11.0,6.04,96.0,0.0,0.0052
11.5,5.937,97.0,0.0,-0.0216
12.0,5.911,97.0,0.0,-0.0063
12.5,5.9,97.9,0.005,0.0046
13.0,5.938,97.5,0.004,-0.0025
13.5,5.885,97.2,0.0,-0.0175
14.0,5.835,98.1,0.002,-0.0201
14.5,5.768,96.0,0.005,-0.0055
15.0,5.803,96.5,0.05,-0.0394
15.5,5.545,96.3,0.038,-0.0635
16.0,5.446,96.8,0.0,-0.0382
16.5,5.337,96.0,0.0,-0.0202
17.0,5.337,97.7,0.0,-0.0115
17.5,5.276,97.0,0.0,-0.0431
18.0,5.112,96.1,0.006,-0.0581
18.5,4.978,96.5,0.024,-0.0438
19.0,4.893,97.6,0.0,-0.0168
19.5,4.895,98.1,0.0,-0.0159
20.0,4.816,99.0,0.0,-0.0362
20.5,4.721,99.8,0.0,-0.0522
21.0,4.571,97.9,0.0,-0.0391
21.5,4.54,96.8,0.0,-0.0255
22.0,4.456,95.9,0.0,-0.0357
22.5,4.381,97.9,0.0,-0.0266
23.0,4.339,97.1,0.0,-0.0348
23.5,4.231,97.4,0.0,-0.0371
24.0,4.181,97.3,0.043,-0.0238
